{"cameraMode":{"drawMode":0,"name":"Shaded","section":"Shading Mode"},"sceneLighting":true,"audioPlay":false,"sceneViewState":{"showFog":true,"showMaterialUpdate":false,"showSkybox":false,"showFlares":true,"showImageEffects":true,"showParticleSystems":true},"in2DMode":false,"pivot":{"x":-0.9212646484375,"y":27.377580642700197,"z":-0.7519149780273438},"rotation":{"x":-0.08236157894134522,"y":-0.6313012838363648,"z":0.06768712401390076,"w":-0.7681784629821777},"size":184.7598114013672,"orthographic":false}