{"cameraMode":{"drawMode":0,"name":"Shaded","section":"Shading Mode"},"sceneLighting":true,"audioPlay":false,"sceneViewState":{"showFog":true,"showMaterialUpdate":false,"showSkybox":true,"showFlares":true,"showImageEffects":true,"showParticleSystems":true},"in2DMode":false,"pivot":{"x":1.9846678972244263,"y":2.4136505126953127,"z":37.18950271606445},"rotation":{"x":0.10892092436552048,"y":-0.41702699661254885,"z":0.050413887947797778,"w":0.900963306427002},"size":0.597610592842102,"orthographic":false}