{"cameraMode":{"drawMode":0,"name":"Shaded","section":"Shading Mode"},"sceneLighting":true,"audioPlay":false,"sceneViewState":{"showFog":true,"showMaterialUpdate":false,"showSkybox":true,"showFlares":true,"showImageEffects":true,"showParticleSystems":true},"in2DMode":false,"pivot":{"x":19.625661849975587,"y":0.27995920181274416,"z":10.573145866394043},"rotation":{"x":0.03724384307861328,"y":0.7263163924217224,"z":-0.03949126973748207,"w":0.6852332353591919},"size":5.251076698303223,"orthographic":false}