{"cameraMode":{"drawMode":0,"name":"Shaded","section":"Shading Mode"},"sceneLighting":true,"audioPlay":false,"sceneViewState":{"showFog":true,"showMaterialUpdate":false,"showSkybox":true,"showFlares":true,"showImageEffects":true,"showParticleSystems":true},"in2DMode":false,"pivot":{"x":-1.5597223043441773,"y":2.9605517387390138,"z":36.1499137878418},"rotation":{"x":0.13015292584896089,"y":0.07317572087049484,"z":-0.009065893478691578,"w":0.9889973998069763},"size":3.388045310974121,"orthographic":false}