{"cameraMode":{"drawMode":0,"name":"Shaded","section":"Shading Mode"},"sceneLighting":true,"audioPlay":false,"sceneViewState":{"showFog":true,"showMaterialUpdate":false,"showSkybox":true,"showFlares":true,"showImageEffects":true,"showParticleSystems":true},"in2DMode":false,"pivot":{"x":-6.54970645904541,"y":3.528231620788574,"z":5.870144367218018},"rotation":{"x":-0.03873196616768837,"y":-0.10236623883247376,"z":-0.0017723441123962403,"w":0.9946866631507874},"size":3.388045310974121,"orthographic":false}