{"cameraMode":{"drawMode":0,"name":"Shaded","section":"Shading Mode"},"sceneLighting":true,"audioPlay":false,"sceneViewState":{"showFog":true,"showMaterialUpdate":false,"showSkybox":true,"showFlares":true,"showImageEffects":true,"showParticleSystems":true},"in2DMode":false,"pivot":{"x":2.414478063583374,"y":0.2424483448266983,"z":-2.0943386554718019},"rotation":{"x":-0.06996123492717743,"y":-0.8705030679702759,"z":0.12969256937503816,"w":-0.46958887577056887},"size":2.894338369369507,"orthographic":false}