{"cameraMode":{"drawMode":0,"name":"Shaded","section":"Shading Mode"},"sceneLighting":true,"audioPlay":false,"sceneViewState":{"showFog":true,"showMaterialUpdate":false,"showSkybox":true,"showFlares":true,"showImageEffects":true,"showParticleSystems":true},"in2DMode":false,"pivot":{"x":-1.2420897483825684,"y":2.434978723526001,"z":-1.9565396308898926},"rotation":{"x":-0.02056785486638546,"y":-0.941669762134552,"z":-0.05855545774102211,"w":0.3307706117630005},"size":2.894338369369507,"orthographic":false}